region,coverage,obesity,smoking
West,90.58512339242266,30.174042901832266,10.328378228577764
